X,Y,Z
-48.57977361,-26.17064283,8.75
-48.62037859,-26.2146174,9.75
-48.61955127,-26.21626823,10
-48.62039168,-26.2148149,10
-48.62147687,-26.21310669,10.25
-48.62095912,-26.19641537,10.5
-48.58626871,-26.19155308,3
-48.59851053,-26.195013,12.25
-48.58086871,-26.16927984,3.25
-48.56428994,-26.17632724,13
-48.57038916,-26.16719924,13.25
-48.60755539,-26.19895906,13.25
-48.59923822,-26.194016,13.75
-48.60824656,-26.1978551,13.75
-48.61175767,-26.19248496,14
-48.57008494,-26.16763776,14.25
-48.57847935,-26.17260703,14.25
-48.56439934,-26.17618407,14.75
-48.61609529,-26.18562894,3.75
-48.61102829,-26.19371673,15
-48.60948541,-26.21360155,1
-48.61671257,-26.22039037,1
-48.57256769,-26.18159894,16.5
-48.57286521,-26.18107502,16.75
-48.57976095,-26.18811657,4.5
-48.56501412,-26.17526133,18.5
-48.58869757,-26.18800768,18.75
-48.62274429,-26.19395548,4.75
-48.56685789,-26.17247927,19.75
-48.56644961,-26.17310175,19.75
-48.58273943,-26.18389438,20.5
-48.62991169,-26.20043588,5.25
-48.59299607,-26.18148757,22
-48.60252008,-26.18906084,23
-48.60389874,-26.18712301,24.5
-48.60449751,-26.2036345,6.75
-48.5875806,-26.18952965,1.75
-48.62400762,-26.19176916,7
-48.58011918,-26.18767462,7.25
-48.59599543,-26.20015541,2.059999943
-48.58517378,-26.19306646,8.239999771
-48.59611558,-26.19997665,2.309999943
-48.59178108,-26.20645668,2.309999943
-48.6100856,-26.21294154,2.309999943
-48.61574847,-26.18652305,10.23999977
-48.61239459,-26.20924492,10.48999977
-48.57120375,-26.16604502,10.73999977
-48.60516021,-26.20268657,10.73999977
-48.6233543,-26.21051333,11.98999977
-48.58667152,-26.19091792,3.059999943
-48.62710478,-26.20473126,12.23999977
-48.59860554,-26.19482877,12.48999977
-48.61558194,-26.20461459,12.48999977
-48.60745214,-26.19911139,12.98999977
-48.5971173,-26.19709574,3.309999943
-48.61854147,-26.20011018,13.23999977
-48.60842257,-26.2151522,0.889999986
-48.62598861,-26.1887882,3.559999943
-48.60914878,-26.19664418,14.48999977
-48.61757129,-26.20148095,14.48999977
-48.61084195,-26.19402436,14.98999977
-48.58584596,-26.19216986,3.809999943
-48.61064097,-26.1943238,15.48999977
-48.60409621,-26.20407725,1.029999971
-48.6149799,-26.2229594,1.029999971
-48.61698933,-26.21990897,1.029999971
-48.59331288,-26.20418419,4.119999886
-48.56896825,-26.16930939,17.22999954
-48.59777479,-26.19605534,4.369999886
-48.60101792,-26.19104019,17.97999954
-48.57692619,-26.17484282,18.47999954
-48.56770058,-26.17131987,18.72999954
-48.56736971,-26.17174493,18.97999954
-48.5865354,-26.17809234,19.22999954
-48.58170183,-26.16807334,4.869999886
-48.63051047,-26.19983477,4.869999886
-48.56706085,-26.1721839,19.72999954
-48.58540566,-26.17970847,22.72999954
-48.60371084,-26.18750163,24.97999954
-48.62400266,-26.19193973,6.619999886
-48.59805471,-26.19572773,6.869999886
-48.59476867,-26.20206356,1.779999971
-48.59151445,-26.1837435,28.47999954
-48.58021321,-26.18751393,8.229999542
-48.62430373,-26.19111812,8.229999542
-48.61545858,-26.22217948,2.119999886
-48.61925759,-26.21652951,8.979999542
-48.58410149,-26.19437607,2.369999886
-48.62100431,-26.21386002,9.729999542
-48.61538572,-26.18712946,10.22999954
-48.61566496,-26.18667933,10.22999954
-48.59659112,-26.19797191,2.619999886
-48.59205924,-26.2061388,2.619999886
-48.57097975,-26.16630954,10.47999954
-48.61355878,-26.1899667,10.47999954
-48.62040915,-26.2150085,10.47999954
-48.60698399,-26.19991466,11.97999954
-48.62716319,-26.20453927,12.22999954
-48.59697747,-26.19725061,3.119999886
-48.58091297,-26.18641531,12.47999954
-48.62677532,-26.20546179,12.47999954
-48.6193068,-26.1990369,12.97999954
-48.61299035,-26.19086742,13.22999954
-48.61031887,-26.21263523,3.369999886
-48.60765263,-26.1988022,13.47999954
-48.60871351,-26.19726145,13.72999954
-48.62548908,-26.20730851,13.97999954
-48.62513912,-26.2075298,14.47999954
-48.57835425,-26.17276114,14.72999954
-48.572453,-26.18176612,15.97999954
-48.58179285,-26.1852143,16.20999908
-48.57277637,-26.18125474,16.70999908
-48.61660963,-26.22054623,1.059999943
-48.62310151,-26.19348307,4.489999771
-48.5758184,-26.17666781,19.45999908
-48.57104666,-26.18376868,1.309999943
-48.60887567,-26.21440572,1.309999943
-48.61649611,-26.22070246,1.309999943
-48.63149982,-26.19808878,5.489999771
-48.58456727,-26.18114016,22.70999908
-48.6223459,-26.19436837,5.739999771
-48.60424729,-26.18660249,22.95999908
-48.60410765,-26.18676234,23.70999908
-48.62413286,-26.1914438,7.739999771
-48.61882946,-26.21719513,7.739999771
-48.61538048,-26.22179472,2.180000067
-48.6251686,-26.1899645,8.720000267
-48.62161445,-26.19556416,8.720000267
-48.61375208,-26.20721829,9.470000267
-48.5809218,-26.16922613,2.430000067
-48.58792619,-26.18909793,9.720000267
-48.61511392,-26.18758233,9.970000267
-48.59840405,-26.19519524,11.22000027
-48.61429722,-26.20645726,11.22000027
-48.62151818,-26.21282706,11.22000027
-48.62309482,-26.21081642,11.97000027
-48.61939729,-26.19887667,12.97000027
-48.61871688,-26.19977898,13.22000027
-48.61862396,-26.19994025,13.22000027
-48.58047708,-26.16959895,3.430000067
-48.61732784,-26.2194443,3.430000067
-48.58135094,-26.18581432,14.22000027
-48.61699247,-26.20242194,14.72000027
-48.59349437,-26.18068513,15.47000027
-48.6104451,-26.19462802,15.47000027
-48.56949511,-26.1685429,16.44000053
-48.57231529,-26.18191956,16.44000053
-48.60918495,-26.21400321,1.090000033
-48.5771422,-26.17452004,17.94000053
-48.60092032,-26.19122294,17.94000053
-48.5742935,-26.17885315,18.19000053
-48.58155909,-26.16830929,4.610000134
-48.57622303,-26.17599552,18.69000053
-48.56511069,-26.17510007,19.19000053
-48.5753669,-26.17755139,19.19000053
-48.57562929,-26.17722695,19.19000053
-48.63005397,-26.20027668,5.110000134
-48.60985773,-26.21322302,1.340000033
-48.63110874,-26.19883176,5.360000134
-48.63125002,-26.19843501,5.360000134
-48.58369515,-26.18238725,22.94000053
-48.6319429,-26.19736146,5.860000134
-48.60358865,-26.18768036,24.94000053
-48.61638983,-26.22086423,1.590000033
-48.61392967,-26.18936404,8.210000038
-48.60800538,-26.21582085,0.560000002
-48.60795582,-26.21589493,0.560000002
-48.60792908,-26.21594141,0.560000002
-48.61346965,-26.20769869,9.460000038
-48.61192165,-26.21005426,9.460000038
-48.61325051,-26.20800352,9.710000038
-48.61147749,-26.21066886,9.710000038
-48.61520386,-26.18742914,10.46000004
-48.59384254,-26.20325323,2.74000001
-48.58804606,-26.18895094,12.21000004
-48.61537389,-26.20492177,12.71000004
-48.58607111,-26.19187005,3.24000001
-48.61281665,-26.1911906,13.46000004
-48.61234491,-26.19176162,13.71000004
-48.62561079,-26.20696045,13.71000004
-48.61767792,-26.2013292,13.96000004
-48.61155305,-26.19278768,14.21000004
-48.57823013,-26.17292059,15.21000004
-48.610742,-26.1941735,15.21000004
-48.59751246,-26.19638361,3.99000001
-48.59281677,-26.20488469,4.230000019
-48.61507944,-26.22281296,1.120000005
-48.5767155,-26.17516922,18.67000008
-48.5856057,-26.19246003,4.730000019
-48.58227857,-26.18444878,18.92000008
-48.60139733,-26.19054601,18.92000008
-48.58287234,-26.1835636,21.17000008
-48.5792157,-26.18906455,1.370000005
-48.58448816,-26.18129486,22.17000008
-48.60228041,-26.18940782,22.17000008
-48.58508738,-26.18029136,22.67000008
-48.5852207,-26.17997629,23.17000008
-48.59259046,-26.18213093,23.42000008
-48.57930226,-26.18892297,1.620000005
-48.58389973,-26.19455507,1.620000005
-48.59212129,-26.18275643,26.67000008
-48.59117251,-26.18420805,28.67000008
-48.60461489,-26.20348313,7.730000019
-48.60484881,-26.20317901,9.199999809
-48.61179822,-26.21019985,9.449999809
-48.61425357,-26.18893695,9.949999809
-48.59654454,-26.19816994,2.549999952
-48.5965046,-26.19837071,2.549999952
-48.59641866,-26.19918926,2.549999952
-48.57935682,-26.17129778,10.94999981
-48.61347418,-26.19012251,10.94999981
-48.62044825,-26.19717673,10.94999981
-48.62609007,-26.18864097,0.699999988
-48.61419325,-26.22407146,0.699999988
-48.60538988,-26.20237633,11.44999981
-48.62004417,-26.21549061,11.69999981
-48.62004745,-26.19777973,11.94999981
-48.5803771,-26.16974844,3.049999952
-48.59375571,-26.20344761,3.049999952
-48.62687975,-26.20528492,12.44999981
-48.59984591,-26.1929874,13.44999981
-48.61270019,-26.19133162,13.44999981
-48.61797731,-26.20085883,13.44999981
-48.61654891,-26.20303062,13.44999981
-48.62240454,-26.21177328,13.44999981
-48.57860943,-26.17245417,13.69999981
-48.62558238,-26.20675837,13.69999981
-48.61746832,-26.20163456,14.69999981
-48.56997401,-26.16777847,14.94999981
-48.60932123,-26.21379692,0.949999988
-48.61679415,-26.22022187,0.949999988
-48.60019518,-26.19247728,15.19999981
-48.60936923,-26.19633712,15.19999981
-48.60032925,-26.19231491,15.94999981
-48.56961578,-26.16840956,16.39999962
-48.59418561,-26.17942484,4.349999905
-48.59292214,-26.20470361,4.349999905
-48.56831783,-26.17043912,17.64999962
-48.57405128,-26.1791865,18.39999962
-48.56780489,-26.17117516,18.64999962
-48.58463111,-26.19395196,5.099999905
-48.62256215,-26.19411311,5.099999905
-48.63081777,-26.19911604,5.099999905
-48.58280781,-26.18373119,20.89999962
-48.58905916,-26.18735241,20.89999962
-48.62247727,-26.19418969,5.349999905
-48.60436809,-26.18643258,22.39999962
-48.59268043,-26.18196313,22.64999962
-48.58951337,-26.18674806,22.89999962
-48.5801677,-26.17001141,5.849999905
-48.59416969,-26.17951798,6.349999905
-48.59563991,-26.20068174,1.649999976
-48.59039635,-26.18531457,27.14999962
-48.58761058,-26.17642789,6.849999905
-48.59052154,-26.18516632,27.39999962
-48.59166553,-26.18338901,27.64999962
-48.59094275,-26.18452431,28.14999962
-48.62938757,-26.20128316,7.099999905
-48.59143132,-26.18391421,28.64999962
-48.59413152,-26.1796185,7.849999905
-48.61090137,-26.21164037,7.849999905
-48.62066402,-26.21435743,9.18999958
-48.61430311,-26.22388521,0.589999974
-48.6281596,-26.20300596,9.43999958
-48.61548366,-26.18698146,10.18999958
-48.61557388,-26.18682962,10.18999958
-48.61297942,-26.2082814,10.18999958
-48.62086034,-26.19656508,10.43999958
-48.62065275,-26.19687057,10.43999958
-48.58737144,-26.17686961,10.93999958
-48.59676262,-26.19759989,2.859999895
-48.6199799,-26.21568295,11.68999958
-48.57910043,-26.17181843,11.93999958
-48.62322324,-26.21066115,11.93999958
-48.58727407,-26.17701761,12.18999958
-48.60666381,-26.20034523,12.18999958
-48.60592224,-26.20139058,12.93999958
-48.61290062,-26.19102811,13.18999958
-48.61466342,-26.22343436,0.839999974
-48.61466924,-26.2233258,0.839999974
-48.58769309,-26.18938606,3.359999895
-48.58103237,-26.16910688,3.609999895
-48.58431348,-26.19421033,3.609999895
-48.61689991,-26.20258141,14.68999958
-48.62465531,-26.20837664,14.93999958
-48.62476639,-26.20820781,14.93999958
-48.59763583,-26.19621646,3.859999895
-48.60983875,-26.1955456,15.43999958
-48.61016477,-26.19509508,15.43999958
-48.57203665,-26.18222711,15.68999958
-48.56917757,-26.16899598,16.37999916
-48.58572633,-26.19231478,4.21999979
-48.56854424,-26.16993395,17.37999916
-48.58136318,-26.16869676,4.46999979
-48.57386326,-26.17954738,18.12999916
-48.60162145,-26.19020202,19.12999916
-48.58641905,-26.17820491,19.87999916
-48.58625184,-26.17849026,20.62999916
-48.61052974,-26.21231385,5.21999979
-48.58578047,-26.17916841,21.37999916
-48.58930998,-26.18706223,21.87999916
-48.58599264,-26.17890998,22.12999916
-48.5838875,-26.1819008,22.87999916
-48.58398627,-26.18175915,23.12999916
-48.58472585,-26.19384499,5.96999979
-48.58527238,-26.19290693,6.46999979
-48.59223885,-26.18259911,26.37999916
-48.59064628,-26.18501977,27.62999916
-48.61842347,-26.21787771,7.21999979
-48.62170157,-26.19541227,8.430000305
-48.61158681,-26.21051383,9.680000305
-48.58040665,-26.18719871,9.930000305
-48.60397826,-26.20422861,0.730000019
-48.58699344,-26.19044645,2.920000076
-48.57896403,-26.17197615,12.43000031
-48.59371491,-26.18037061,12.43000031
-48.61599914,-26.20380332,12.43000031
-48.6072596,-26.19943146,12.68000031
-48.60734843,-26.19926643,12.93000031
-48.61501796,-26.20536205,12.93000031
-48.62245969,-26.2115899,13.18000031
-48.61245504,-26.19160967,13.68000031
-48.61777485,-26.20117251,13.68000031
-48.58073051,-26.16937453,3.670000076
-48.59724401,-26.19692918,3.670000076
-48.56927396,-26.16883336,16.11000061
-48.58120554,-26.16893489,4.090000153
-48.56468318,-26.175714,16.86000061
-48.59305389,-26.20453362,4.340000153
-48.57626604,-26.17581151,18.86000061
-48.56534503,-26.17482057,20.11000061
-48.63117574,-26.19863504,5.340000153
-48.58563126,-26.17946336,22.36000061
-48.58486909,-26.18054598,22.36000061
-48.59278443,-26.18180351,22.61000061
-48.59289886,-26.18165263,22.61000061
-48.61782218,-26.21865299,6.090000153
-48.62969995,-26.20099148,6.090000153
-48.59248272,-26.1822922,24.36000061
-48.58780946,-26.18924379,6.590000153
-48.62954696,-26.20114103,6.590000153
-48.62196969,-26.19490364,7.090000153
-48.59466448,-26.20224502,1.960000038
-48.62914414,-26.20178688,7.840000153
-48.61599129,-26.22130119,2.230000019
-48.61591023,-26.18603587,9.170000076
-48.62116653,-26.21332212,9.670000076
-48.60395377,-26.20426683,0.620000005
-48.61444627,-26.2237052,0.620000005
-48.59629239,-26.19958956,2.480000019
-48.57065861,-26.16672521,10.92000008
-48.62034145,-26.19732767,10.92000008
-48.60709678,-26.19976321,12.17000008
-48.6235614,-26.21018879,12.42000008
-48.61317667,-26.19056024,12.67000008
-48.61620167,-26.20348837,12.67000008
-48.58647009,-26.19122715,3.230000019
-48.62195944,-26.21206734,13.17000008
-48.60849168,-26.19756722,13.67000008
-48.61617211,-26.18550964,0.870000005
-48.61472421,-26.22323059,0.870000005
-48.62411652,-26.20939313,13.92000008
-48.58707991,-26.17729583,14.17000008
-48.62506477,-26.20771313,14.67000008
-48.59733449,-26.19674442,3.730000019
-48.61054599,-26.19447808,15.42000008
-48.5867474,-26.17765747,16.59000015
-48.57342635,-26.18023419,17.59000015
-48.58132607,-26.16878882,4.460000038
-48.62318797,-26.19332503,4.460000038
-48.57455926,-26.17852552,18.59000015
-48.57493024,-26.17802044,18.59000015
-48.59325959,-26.18098958,18.84000015
-48.58877388,-26.18783695,19.34000015
-48.61806465,-26.21834178,6.460000038
-48.5839962,-26.19446112,1.74000001
-48.62439261,-26.19095759,8.409999847
-48.61127182,-26.21098573,9.409999847
-48.57957111,-26.17097208,9.909999847
-48.61394404,-26.20690435,9.909999847
-48.59644372,-26.19898238,2.539999962
-48.6197393,-26.21618796,10.65999985
-48.62054853,-26.19702217,10.90999985
-48.59667189,-26.19778383,2.789999962
-48.62016006,-26.21532097,11.40999985
-48.58071734,-26.18673086,11.65999985
-48.60830951,-26.21536772,0.75999999
-48.57056691,-26.16688394,12.40999985
-48.6199081,-26.19810899,12.40999985
-48.6227038,-26.21128069,12.40999985
-48.61480721,-26.20567154,12.65999985
-48.59963492,-26.19354332,12.90999985
-48.59952716,-26.19371624,12.90999985
-48.59938915,-26.1938707,13.15999985
-48.60812564,-26.1979982,13.65999985
-48.61211819,-26.19205811,13.65999985
-48.62559818,-26.20715319,13.90999985
-48.61164197,-26.19262743,14.15999985
-48.62461156,-26.20857049,14.90999985
-48.61006992,-26.19525234,15.40999985
-48.56459423,-26.17587349,15.90999985
-48.60045906,-26.19215084,16.31999969
-48.57302935,-26.18071292,17.06999969
-48.60083387,-26.1914093,17.56999969
-48.62290954,-26.19377023,4.579999924
-48.60113413,-26.19086931,18.56999969
-48.62351735,-26.19287842,4.829999924
-48.56696732,-26.1723389,19.56999969
-48.60976546,-26.21332202,1.269999981
-48.56654226,-26.17294105,20.31999969
-48.61764318,-26.21898683,5.329999924
-48.58309369,-26.18328485,21.81999969
-48.58296644,-26.18341664,21.81999969
-48.58941196,-26.18690646,22.31999969
-48.62393824,-26.1922697,5.829999924
-48.59104464,-26.18435608,28.31999969
-48.61540602,-26.22198954,2.099999905
-48.625822,-26.18925953,8.399999619
-48.56407552,-26.17661889,8.899999619
-48.62841308,-26.20268787,8.899999619
-48.62827014,-26.20283866,9.149999619
-48.61565387,-26.22152834,2.349999905
-48.61366283,-26.20737953,9.399999619
-48.62105925,-26.19626794,10.14999962
-48.61424347,-26.22397862,0.649999976
-48.59225221,-26.20577129,2.599999905
-48.61277939,-26.20859665,10.39999962
-48.56388378,-26.17689469,2.849999905
-48.61336611,-26.19026142,11.64999962
-48.61567855,-26.2044588,12.39999962
-48.60644921,-26.20064416,12.64999962
-48.61968019,-26.19840529,12.64999962
-48.58101866,-26.18626186,12.89999962
-48.57871679,-26.172292,13.14999962
-48.58717252,-26.17715534,13.14999962
-48.61883497,-26.19963275,13.14999962
-48.59360914,-26.1805283,14.39999962
-48.56978923,-26.16808995,16.04999924
-48.59336744,-26.1808311,17.54999924
-48.5885195,-26.18833879,17.79999924
-48.58862219,-26.18818014,18.29999924
-48.57466689,-26.17835108,18.79999924
-48.56759542,-26.17146663,19.04999924
-48.62363719,-26.19273068,4.949999809
-48.60439696,-26.20377785,5.449999809
-48.60300861,-26.18834367,24.54999924
-48.58003933,-26.17013957,6.699999809
-48.58500852,-26.19341944,6.949999809
-48.58492409,-26.19358461,7.199999809
-48.61403478,-26.18922284,8.140000343
-48.61550354,-26.22165923,2.160000086
-48.625024,-26.19009559,8.640000343
-48.57154867,-26.18307459,8.890000343
-48.61414607,-26.1890829,9.140000343
-48.59401099,-26.17990573,9.390000343
-48.594095,-26.20290792,2.410000086
-48.61581971,-26.18636495,10.14000034
-48.62075121,-26.21418325,10.14000034
-48.59191674,-26.20629606,2.660000086
-48.59381815,-26.18021386,10.89000034
-48.62744658,-26.20423033,11.89000034
-48.62769336,-26.2039013,11.89000034
-48.62283353,-26.21112472,12.14000034
-48.60402478,-26.2041599,0.790000021
-48.62651674,-26.2057659,12.64000034
-48.58112073,-26.18610736,13.39000034
-48.59365371,-26.20363542,3.410000086
-48.57029572,-26.16735009,13.64000034
-48.60774255,-26.1986417,13.64000034
-48.62424329,-26.20902584,14.64000034
-48.61093299,-26.19387191,14.89000034
-48.61034149,-26.19477872,15.39000034
-48.58772289,-26.17612709,3.910000086
-48.57315628,-26.18054847,17.28000069
-48.577649,-26.17391923,17.78000069
-48.56802691,-26.17089364,18.03000069
-48.58137475,-26.16859651,4.570000172
-48.6233017,-26.19317755,4.570000172
-48.61749187,-26.21910101,4.820000172
-48.58264444,-26.18404304,20.03000069
-48.56588409,-26.17404193,21.03000069
-48.59309543,-26.18132544,21.03000069
-48.62241201,-26.19427759,5.570000172
-48.63161918,-26.19791278,5.570000172
-48.56400131,-26.17673541,5.820000172
-48.60277204,-26.18871001,23.78000069
-48.59515473,-26.20135301,1.580000043
-48.59020485,-26.18563788,26.53000069
-48.6108112,-26.21180854,7.320000172
-48.57946861,-26.18858879,2.220000029
-48.62050328,-26.21446379,9.380000114
-48.61363603,-26.18980852,9.880000114
-48.57953329,-26.18841651,2.720000029
-48.61019583,-26.2127858,2.720000029
-48.57164796,-26.18290724,10.88000011
-48.61481923,-26.18802914,10.88000011
-48.58061223,-26.18688504,11.13000011
-48.61461838,-26.20599519,12.13000011
-48.62779908,-26.2037248,12.13000011
-48.61513519,-26.20521572,12.88000011
-48.61896291,-26.19949075,13.13000011
-48.61643754,-26.20318878,13.13000011
-48.61810743,-26.20071794,13.38000011
-48.60860964,-26.19741946,13.63000011
-48.61187838,-26.1923441,13.88000011
-48.61480497,-26.22315161,0.930000007
-48.58081174,-26.16933492,3.720000029
-48.59741068,-26.19656105,3.970000029
-48.56907362,-26.16915216,17.01000023
-48.60077069,-26.19160761,17.01000023
-48.56490746,-26.17541763,17.26000023
-48.57396507,-26.17936932,18.26000023
-48.62340115,-26.19302397,4.690000057
-48.58253091,-26.18418345,19.51000023
-48.63036297,-26.19998657,4.940000057
-48.56664615,-26.1727736,20.01000023
-48.63099628,-26.19900166,5.190000057
-48.56636006,-26.1732624,20.76000023
-48.62594548,-26.18892178,5.690000057
-48.63173421,-26.19773309,5.690000057
-48.58529308,-26.1798267,22.76000023
-48.58359885,-26.18253634,22.76000023
-48.58377967,-26.18223209,23.01000023
-48.58960071,-26.18658482,23.51000023
-48.59496211,-26.20170554,1.610000014
-48.61602304,-26.18575698,6.440000057
-48.59086337,-26.18470221,28.26000023
-48.58735103,-26.18981125,2.029999971
-48.62892252,-26.20205848,8.119999886
-48.58509165,-26.19323501,8.369999886
-48.5940924,-26.17976008,9.119999886
-48.61357546,-26.20754287,9.369999886
-48.62116232,-26.2135242,9.369999886
-48.59648373,-26.19857359,2.529999971
-48.59646315,-26.19877667,2.529999971
-48.61436044,-26.18879297,10.61999989
-48.60527781,-26.20253249,11.11999989
-48.6215933,-26.21299156,11.11999989
-48.6145272,-26.20615676,11.86999989
-48.62344819,-26.21034891,12.11999989
-48.62699601,-26.20511184,12.36999989
-48.60633836,-26.20079141,12.86999989
-48.60837138,-26.21526325,0.819999993
-48.61908333,-26.19934076,13.11999989
-48.62189418,-26.21224847,13.36999989
-48.57131047,-26.18339022,3.529999971
-48.62417352,-26.20920735,14.36999989
-48.57190809,-26.18238323,14.86999989
-48.62489949,-26.20805812,14.86999989
-48.56987773,-26.16793135,15.61999989
-48.60058131,-26.19197906,16.48999977
-48.58840166,-26.18849421,16.73999977
-48.57329711,-26.18039391,17.23999977
-48.56886248,-26.16947122,17.73999977
-48.58663607,-26.17796326,18.48999977
-48.58029881,-26.16989025,4.809999943
-48.58163435,-26.16818583,4.809999943
-48.5672618,-26.17188804,19.23999977
-48.58463847,-26.18098558,22.73999977
-48.58382858,-26.18206018,22.98999977
-48.63184228,-26.1975486,5.809999943
-48.6034548,-26.18785194,24.98999977
-48.61527792,-26.222491,1.639999986
-48.57939227,-26.18876393,1.889999986
-48.6292257,-26.20140936,7.559999943
-48.61904376,-26.21686684,8.109999657
-48.59425573,-26.20275133,2.339999914
-48.61384394,-26.20705936,9.609999657
-48.6211553,-26.19611944,9.859999657
-48.61311421,-26.20814132,9.859999657
-48.62812833,-26.20321131,9.859999657
-48.60823818,-26.21546526,0.709999979
-48.62011774,-26.19761926,11.60999966
-48.62147406,-26.21263473,11.85999966
-48.62792146,-26.2035558,11.85999966
-48.60687322,-26.20005044,12.10999966
-48.5861746,-26.19171205,3.089999914
-48.59246338,-26.20541159,3.089999914
-48.61471281,-26.20583377,12.35999966
-48.61958333,-26.19856027,12.60999966
-48.62530445,-26.20740898,14.10999966
-48.61112962,-26.19356526,14.85999966
-48.60939791,-26.21369748,0.959999979
-48.60428842,-26.20388994,3.839999914
-48.61024993,-26.19493649,15.60999966
-48.63062104,-26.19966187,4.679999828
-48.5747917,-26.17818289,18.96999931
-48.60174563,-26.19003885,19.46999931
-48.5863284,-26.17834255,20.46999931
-48.56556114,-26.17450439,20.96999931
-48.58618664,-26.17864493,21.46999931
-48.58436429,-26.18140857,21.46999931
-48.62384776,-26.19242506,5.429999828
-48.58380947,-26.19464831,1.419999957
-48.58516794,-26.18013875,22.96999931
-48.58969459,-26.18642161,23.96999931
-48.60315583,-26.18817871,24.71999931
-48.57142511,-26.18323035,6.429999828
-48.59486214,-26.20188201,1.669999957
-48.62207869,-26.19471863,6.679999828
-48.59187077,-26.18306106,26.96999931
-48.62202311,-26.19481003,6.929999828
-48.6154128,-26.2223539,1.919999957
-48.62459749,-26.19045432,8.600000381
-48.62573054,-26.18942895,8.850000381
-48.61117627,-26.21114786,9.100000381
-48.60810257,-26.21565767,0.600000024
-48.61437103,-26.22379302,0.600000024
-48.61203129,-26.20989814,9.600000381
-48.61136986,-26.21082582,9.600000381
-48.57918723,-26.17164473,11.60000038
-48.58081295,-26.18657228,12.10000038
-48.61632024,-26.20333899,12.85000038
-48.61491119,-26.20551542,12.85000038
-48.60781697,-26.19846958,13.60000038
-48.62561906,-26.20656286,13.60000038
-48.5806575,-26.16942312,3.650000095
-48.60944969,-26.19617402,15.35000038
-48.60972591,-26.19569272,15.60000038
-48.57805612,-26.17326349,16.45000076
-48.56837709,-26.17025827,17.45000076
-48.62300678,-26.19363655,4.550000191
-48.60151295,-26.19037592,18.95000076
-48.60871904,-26.2146086,1.200000048
-48.60865819,-26.21471724,1.200000048
-48.63064168,-26.19946267,4.800000191
-48.57569467,-26.17704251,19.45000076
-48.58538149,-26.19275652,5.050000191
-48.56618665,-26.17358887,20.95000076
-48.58765927,-26.17627348,5.300000191
-48.58329247,-26.1829781,22.20000076
-48.60289115,-26.18852554,24.20000076
-48.61099584,-26.2114776,8.340000153
-48.62470178,-26.19030371,8.590000153
-48.58030505,-26.18735457,9.090000153
-48.6137355,-26.18966406,9.340000153
-48.59394384,-26.20306558,2.460000038
-48.61222267,-26.2095749,10.09000015
-48.57946945,-26.17113759,10.59000015
-48.62075779,-26.19671807,10.84000015
-48.61414473,-26.22414421,0.74000001
-48.61452366,-26.22361948,0.74000001
-48.58421244,-26.19429797,2.960000038
-48.62230079,-26.21191605,13.34000015
-48.62577069,-26.20643703,13.34000015
-48.57181383,-26.18255275,13.84000015
-48.6080031,-26.19814219,13.84000015
-48.60891355,-26.1969435,13.84000015
-48.60005427,-26.19263639,14.34000015
-48.61123514,-26.1934191,14.59000015
-48.58052675,-26.16953644,3.710000038
-48.58058825,-26.16947845,3.710000038
-48.581463,-26.18566378,14.84000015
-48.6245293,-26.20873861,14.84000015
-48.59344351,-26.20401022,3.960000038
-48.5812748,-26.16887442,4.170000076
-48.57293851,-26.18089134,16.93000031
-48.57785097,-26.17359323,17.18000031
-48.61043834,-26.21248299,4.420000076
-48.57443503,-26.17869517,17.68000031
-48.56521372,-26.17494514,18.43000031
-48.5768261,-26.17500484,18.43000031
-48.58140947,-26.1685036,4.670000076
-48.58452786,-26.19404526,4.670000076
-48.59316796,-26.18115419,19.93000031
-48.60186401,-26.18987035,19.93000031
-48.57988389,-26.18797145,5.420000076
-48.58410436,-26.18163118,22.93000031
-48.58549143,-26.19260711,5.920000076
-48.62227279,-26.19445236,5.920000076
-48.61061139,-26.21214085,5.920000076
-48.58979399,-26.18626236,24.68000031
-48.60330182,-26.18801022,24.93000031
-48.59575441,-26.20050361,1.730000019
-48.59158938,-26.18356535,28.18000031
-48.61871678,-26.21736058,7.670000076
-48.62874154,-26.20215766,8.329999924
-48.62485125,-26.19019761,8.579999924
-48.61213286,-26.20974009,9.829999924
-48.60816696,-26.21556218,0.629999995
-48.5963598,-26.1993907,2.519999981
-48.61529389,-26.18727685,10.32999992
-48.56417858,-26.17647264,10.82999992
-48.5923507,-26.20558785,2.769999981
-48.61445758,-26.18864522,11.07999992
-48.62758647,-26.20407615,11.82999992
-48.59686055,-26.19741985,3.019999981
-48.61576657,-26.20429772,12.32999992
-48.61948578,-26.19871659,12.82999992
-48.62386198,-26.20969694,13.32999992
-48.59895688,-26.19431589,13.57999992
-48.62399798,-26.20955001,13.57999992
-48.61667205,-26.20287924,14.07999992
-48.56449605,-26.17603039,15.07999992
-48.58167597,-26.18535718,15.82999992
-48.60925718,-26.2139009,1.00999999
-48.60847379,-26.21504024,1.00999999
-48.57795261,-26.17342906,16.90999985
-48.58189422,-26.18506177,16.90999985
-48.60127221,-26.19071097,18.65999985
-48.56675021,-26.17262717,19.90999985
-48.60879732,-26.21450865,1.25999999
-48.59791635,-26.19589373,5.039999962
-48.62984129,-26.20063191,5.289999962
-48.58552254,-26.17958968,22.65999985
-48.61794319,-26.21849851,6.289999962
-48.5907594,-26.18486463,27.90999985
-48.59131885,-26.1840718,28.15999985
-48.62191683,-26.19499951,7.289999962
-48.57983679,-26.17046512,8.069999695
-48.60418284,-26.20398971,2.079999924
-48.58755856,-26.17658847,8.319999695
-48.62559621,-26.18957104,8.819999695
-48.59441749,-26.20260097,2.329999924
-48.61582142,-26.22141298,2.329999924
-48.6213741,-26.19583815,9.319999695
-48.59216448,-26.20595925,2.579999924
-48.61405251,-26.20675128,10.31999969
-48.61230343,-26.20940738,10.31999969
-48.57109556,-26.16618317,10.56999969
-48.57927033,-26.17147095,11.31999969
-48.60556113,-26.20203859,12.06999969
-48.627302,-26.20438399,12.06999969
-48.58636675,-26.19139463,3.079999924
-48.60563636,-26.20186774,12.31999969
-48.60719095,-26.19960476,12.31999969
-48.61583938,-26.20413188,12.31999969
-48.59871865,-26.19465467,12.56999969
-48.60572474,-26.20170424,12.56999969
-48.61547332,-26.20476504,12.56999969
-48.57048826,-26.16704984,12.81999969
-48.59972735,-26.19336888,12.81999969
-48.61525983,-26.20506951,12.81999969
-48.59884338,-26.19448953,13.06999969
-48.60790354,-26.19830234,13.81999969
-48.58596411,-26.19202348,3.579999924
-48.61716332,-26.2020997,14.81999969
-48.58827902,-26.18864503,15.56999969
-48.57813683,-26.17308923,15.81999969
-48.61738509,-26.21926413,4.159999847
-48.57351435,-26.18005653,17.63999939
-48.5764651,-26.1754814,17.63999939
-48.57362433,-26.17988484,17.88999939
-48.57595279,-26.17650754,18.88999939
-48.56748458,-26.17160491,19.13999939
-48.56715082,-26.17203191,19.63999939
-48.60895299,-26.21430358,1.289999962
-48.56600657,-26.1739043,20.88999939
-48.63137691,-26.198265,5.409999847
-48.60398071,-26.18692998,24.13999939
-48.59527146,-26.20118692,1.539999962
-48.58998737,-26.18594513,25.63999939
-48.60996695,-26.21309262,1.789999962
-48.57992148,-26.17029155,7.409999847
-48.62184972,-26.1951169,7.409999847
-48.57119764,-26.18353984,2.140000105
-48.62453086,-26.19062217,8.56000042
-48.62864156,-26.20234219,8.56000042
-48.61286885,-26.20843443,10.31000042
-48.58707682,-26.19028351,2.640000105
-48.61249323,-26.2090833,10.56000042
-48.5865667,-26.19107255,3.140000105
-48.61979827,-26.19825951,12.56000042
-48.61610038,-26.20364634,12.56000042
-48.62637743,-26.20591594,12.81000042
-48.60612118,-26.20108444,13.06000042
-48.60622921,-26.20093814,13.06000042
-48.61919796,-26.19918942,13.06000042
-48.62596219,-26.20635726,13.31000042
-48.62610738,-26.2062232,13.31000042
-48.61257506,-26.19146862,13.56000042
-48.59994196,-26.19280842,13.81000042
-48.60902474,-26.19679057,14.06000042
-48.61688362,-26.22005875,0.910000026
-48.6173709,-26.20179043,14.81000042
-48.58683769,-26.1775275,15.56000042
-48.58113984,-26.16898785,4.03000021
-48.58442176,-26.19413065,4.03000021
-48.57217879,-26.18207609,16.12000084
-48.56971587,-26.16825639,16.37000084
-48.56479028,-26.17556447,16.87000084
-48.60957771,-26.21351086,1.070000052
-48.60853384,-26.21493141,1.070000052
-48.59319046,-26.20436273,4.28000021
-48.58198609,-26.18490439,17.37000084
-48.58207087,-26.18474563,17.87000084
-48.57507166,-26.17785875,19.12000084
-48.56575454,-26.17418792,19.37000084
-48.58240398,-26.18431435,19.37000084
-48.61517455,-26.22265353,1.320000052
-48.60214168,-26.18956344,21.62000084
-48.6044456,-26.1862559,21.87000084
-48.62981668,-26.20083448,5.53000021
-48.58320652,-26.18313946,22.12000084
-48.58475651,-26.18066963,22.37000084
-48.58338601,-26.1828267,22.37000084
-48.60264671,-26.18888544,23.37000084
-48.6038112,-26.18731459,24.87000084
-48.59539638,-26.20102422,1.570000052
-48.59505006,-26.2015248,1.570000052
-48.59165894,-26.20662105,1.570000052
-48.61707555,-26.21973866,1.570000052
-48.59235577,-26.18244287,25.12000084
-48.5917595,-26.18321885,27.12000084
-48.5958684,-26.2003262,1.820000052
-48.61853406,-26.21771566,7.53000021
-48.60805209,-26.21574338,0.550000012
-48.58044018,-26.16966024,2.200000048
-48.59456153,-26.20242659,2.200000048
-48.61382871,-26.18951074,8.800000191
-48.62149639,-26.19569812,9.050000191
-48.61169276,-26.21035684,9.550000191
-48.61937861,-26.21636979,9.550000191
-48.58747597,-26.1767332,9.800000191
-48.61587321,-26.18619833,9.800000191
-48.57131113,-26.16590199,10.30000019
-48.60504883,-26.20284472,10.30000019
-48.61260045,-26.20892706,10.55000019
-48.58780418,-26.17600481,2.700000048
-48.61441769,-26.20630926,11.55000019
-48.61995452,-26.21588279,11.55000019
-48.586784,-26.19075095,2.950000048
-48.62159265,-26.21249076,12.30000019
-48.62708922,-26.20493108,12.30000019
-48.62664662,-26.20561174,12.55000019
-48.6145975,-26.22352667,0.800000012
-48.58098162,-26.16916234,3.200000048
-48.62176555,-26.212393,12.80000019
-48.6183506,-26.20042424,13.30000019
-48.6182354,-26.20057449,13.30000019
-48.61199756,-26.19219961,13.80000019
-48.61149339,-26.19295383,14.30000019
-48.59355251,-26.20382315,3.700000048
-48.61726474,-26.20194371,14.80000019
-48.58696546,-26.17742225,15.05000019
-48.6099615,-26.1954036,15.55000019
-48.60068891,-26.19180045,16.60000038
-48.57741414,-26.1742204,17.35000038
-48.57727805,-26.17436873,17.60000038
-48.57774355,-26.17375314,17.60000038
-48.5679121,-26.17103095,18.35000038
-48.58216097,-26.18458804,18.35000038
-48.62282553,-26.19386748,4.650000095
-48.62265772,-26.19403762,4.900000095
-48.62374571,-26.1925786,5.150000095
-48.56626908,-26.17342448,20.85000038
-48.56564814,-26.1743399,21.10000038
-48.60449201,-26.18612528,21.10000038
-48.58588039,-26.17903291,21.60000038
-48.58609776,-26.17878414,21.85000038
-48.59552029,-26.20085563,1.600000024
-48.62604245,-26.18870805,1.600000024
-48.62213091,-26.19462491,6.400000095
-48.61818359,-26.218186,6.650000095
-48.5903053,-26.18548027,26.85000038
-48.61829308,-26.21802744,6.900000095
-48.61626576,-26.22101614,1.850000024
-48.61862858,-26.21754006,7.650000095
-48.62177381,-26.19525896,8.039999962
-48.57967024,-26.17080543,9.289999962
-48.60494926,-26.20301246,9.789999962
-48.58050492,-26.18703927,10.53999996
-48.61417654,-26.20660552,10.78999996
-48.61471916,-26.18817874,11.28999996
-48.62022932,-26.19747454,11.28999996
-48.61989377,-26.21605596,11.28999996
-48.61454504,-26.18849118,11.53999996
-48.60548595,-26.20221224,11.78999996
-48.61326732,-26.1904067,12.03999996
-48.57173206,-26.18272997,12.53999996
-48.61591678,-26.20396657,12.78999996
-48.60602193,-26.20123647,13.03999996
-48.62374865,-26.20985833,13.03999996
-48.62624031,-26.20606683,13.03999996
-48.61787371,-26.20101396,13.53999996
-48.59259633,-26.20524641,3.50999999
-48.6114255,-26.1931202,14.53999996
-48.6250222,-26.2078968,14.78999996
-48.61489002,-26.22306377,0.939999998
-48.56875192,-26.16962277,17.32999992
-48.57755331,-26.17407789,17.57999992
-48.5837196,-26.19473019,1.129999995
-48.60859926,-26.21482573,1.129999995
-48.57415712,-26.1790114,18.32999992
-48.58148008,-26.16841607,4.769999981
-48.57608186,-26.17635178,19.32999992
-48.58895092,-26.18750817,20.32999992
-48.58570051,-26.17931155,22.32999992
-48.58468787,-26.18082117,22.32999992
-48.58349498,-26.1826854,22.57999992
-48.61773873,-26.21882498,5.769999981
-48.58746499,-26.18966903,1.629999995
-48.62912452,-26.20158377,7.769999981
-48.61613795,-26.22116536,2.069999933
-48.61109014,-26.21131347,8.779999733
-48.62853462,-26.2025193,8.779999733
-48.61623382,-26.18541689,0.579999983
-48.58725015,-26.18996406,2.319999933
-48.62113867,-26.21370828,9.279999733
-48.5939151,-26.18005908,10.02999973
-48.57086171,-26.16643642,10.52999973
-48.62030292,-26.21517451,11.02999973
-48.60676649,-26.20019144,12.02999973
-48.57883621,-26.17213256,12.77999973
-48.6225772,-26.21142976,12.77999973
-48.59908953,-26.19415918,13.27999973
-48.61845803,-26.20027251,13.27999973
-48.62211132,-26.21195389,13.27999973
-48.58122649,-26.18595572,13.77999973
-48.61222898,-26.19190834,13.77999973
-48.57963447,-26.18826164,3.569999933
-48.61134177,-26.19327593,14.77999973
-48.62437891,-26.20887529,14.77999973
-48.58108283,-26.16904636,3.819999933
-48.56937194,-26.16867564,15.77999973
-48.57267666,-26.18143003,16.55999947
-48.56844864,-26.17008765,17.55999947
-48.57703085,-26.17468097,18.30999947
-48.60967136,-26.21341774,1.159999967
-48.60910682,-26.21410191,1.159999967
-48.57574626,-26.17685007,19.55999947
-48.58885482,-26.18767072,19.55999947
-48.60199623,-26.18971498,20.30999947
-48.58917833,-26.18720135,21.30999947
-48.58498992,-26.18042907,22.30999947
-48.60239632,-26.18923287,22.55999947
-48.63207458,-26.1971908,5.889999866
-48.58000607,-26.18782622,6.389999866
-48.59009952,-26.18579368,26.05999947
-48.59199699,-26.18291066,26.55999947
-48.58482208,-26.19372378,7.139999866
-48.6240481,-26.19160341,7.389999866
-48.61894375,-26.21703403,7.889999866
-48.62421543,-26.19127929,8.020000458
-48.62909826,-26.20196148,8.020000458
-48.60473566,-26.20333307,8.520000458
-48.62446803,-26.19079044,8.520000458
-48.5981727,-26.19554983,8.770000458
-48.62543085,-26.18968518,8.770000458
-48.62528396,-26.18981064,8.770000458
-48.61503242,-26.18773811,9.520000458
-48.62125821,-26.19597792,9.770000458
-48.59828518,-26.19536752,10.27000046
-48.61269533,-26.20876465,10.52000046
-48.62086955,-26.2140169,11.77000046
-48.61998596,-26.19794621,12.27000046
-48.58689547,-26.19060346,3.130000114
-48.60655402,-26.20049402,12.52000046
-48.60581895,-26.20154454,12.77000046
-48.61308588,-26.19071504,13.02000046
-48.59977652,-26.19317612,13.27000046
-48.60836548,-26.19771187,13.77000046
-48.60881559,-26.1971026,13.77000046
-48.56393402,-26.17682542,3.630000114
-48.61679291,-26.20273351,14.52000046
-48.6170797,-26.20226103,14.77000046
-48.58156386,-26.18550637,15.27000046
-48.58364482,-26.1947838,0.970000029
-48.60954202,-26.19601699,15.52000046
-48.6096308,-26.19585341,15.77000046
-48.5686482,-26.16978094,16.79000092
-48.5765964,-26.17532821,18.29000092
-48.57550069,-26.17739246,18.54000092
-48.57634723,-26.17564123,18.54000092
-48.630206,-26.20013019,5.010000229
-48.63067025,-26.19926234,5.010000229
-48.58423001,-26.18151254,22.29000092
-48.62400372,-26.19210915,6.260000229
-48.57112488,-26.18367245,1.690000057
-48.62589206,-26.18908497,7.260000229
-48.61595885,-26.18589318,8.260000229
-48.61915346,-26.21670034,8.510000229
-48.61337297,-26.20785646,9.510000229
-48.58716342,-26.19012478,2.440000057
-48.59621213,-26.19978577,2.440000057
-48.61720664,-26.21959536,2.440000057
-48.62128262,-26.21316331,10.01000023
-48.61492977,-26.18788649,10.26000023
-48.57074328,-26.16656754,10.51000023
-48.6280593,-26.20339879,10.76000023
-48.61463017,-26.18833402,11.51000023
-48.62296316,-26.21096902,12.01000023
-48.62368252,-26.21003547,12.76000023
-48.57019234,-26.16749328,13.76000023
-48.58815789,-26.18879524,14.26000023
-48.6092642,-26.19649331,15.01000023
-48.59271047,-26.20506701,3.940000057
-48.56823837,-26.17060545,17.27000046
-48.56813963,-26.1707563,17.27000046
-48.58670416,-26.17781414,17.52000046
-48.57374584,-26.17971633,18.02000046
-48.57615949,-26.17617585,19.02000046
-48.5752086,-26.17769862,19.27000046
-48.60902792,-26.21420113,1.220000029
-48.56545946,-26.17467577,20.77000046
-48.56610296,-26.17375026,21.02000046
-48.62220244,-26.1945409,6.130000114
-48.58988624,-26.18610119,25.02000046
-48.61070748,-26.21197332,6.630000114
